id,email,passcode,username
1,kguihen0@hubpages.com,bB4*K0R?`,ltinmouth0
2,cstaley1@umn.edu,rO4|`6d6v8WTm#g!,lheckney1
3,nborrington2@mapquest.com,"pW3,n?2=r*?8S%%",srobus2
4,kransley3@businessweek.com,yW9)\f)K5WyS$If,hdeery3
5,btither4@state.tx.us,"gP5%yYAR""Y",hrussell4
6,wbayle5@google.cn,sI2<}!2?0#.,nwildman5
7,xcastrillo6@shinystat.com,"bS7\ka""B5b8",vmcfarlane6
8,cwenban7@thetimes.co.uk,uX2_7J)nKv}!Ji,freyes7
9,ggilcrist8@latimes.com,gP6|8S3M@,ohalden8
10,bgirke9@dedecms.com,vV6{Xrp?,groderigo9
11,spendocka@opera.com,gR8~AOX<J,tbenediktssona
12,aackensonb@kickstarter.com,tS4+4yPh/hU,bkaddb
13,cfrankhamc@amazon.com,qL0>7o8yAl,veddisforthc
14,jcowand@google.ru,cH9@b~lqU<+z+Q,lcuseickd
15,kbondee@sun.com,"hW6~o#5TYgo,m}",kdelonge
16,bpavlishchevf@cmu.edu,aI2*$TUaYVNkcc,jdonisef
17,brylstoneg@nifty.com,"zX1.sgw,vgNzOU=$",imuirdeng
18,mjanewh@php.net,jF8_*587O(Hq4b@,ijennerh
19,wpirolinii@google.de,qQ1==$j3afKbHuFP,lsichi
20,cjoyseyj@house.gov,bR7#|VWZ,fsturej
21,mpenkk@gov.uk,gE7!U$}wLY,cbygravek
22,igariel@princeton.edu,jN1?ffv++sz,jkobesl
23,lslyfordm@sbwire.com,qF9|8wOTFs3O,hantukm
24,ciacomellin@webnode.com,iE2#N+zWdOlv*91\,bjaysn
25,jforano@ameblo.jp,tL3\W4qJWuV}p7(,mmaaso
26,baysikp@about.me,sH7@(_)h,ebicep
27,menricq@hud.gov,"nW8@H4=,Q0al",geyrlq
28,hrossiterr@nationalgeographic.com,bW7.~UT_._jtt#,hroakesr
29,eraggs@tinyurl.com,eB2`)W\q`66R#NaY,mmorins
30,cconninghamt@twitpic.com,mS6|~y_h,aclohiseyt
31,jwaszczyku@ox.ac.uk,oM2(Kge{PTMs,lkhadiru
32,rkirtleyv@typepad.com,gP4&'(Ff|*|,ajirousekv
33,charstonw@tripadvisor.com,tO9&`A<rpu0{,thextw
34,bcotterelx@ycombinator.com,"sF0%@0~""$rI$",acrumleyx
35,nbenedidicky@godaddy.com,dG9+oxa_|),cfilmery
36,fsamudioz@diigo.com,fJ7<~f1!DqQcNZC.,mconez
37,gbasili10@themeforest.net,"pO3$D\F""r5ASBQQG",wmacias10
38,jrefford11@mac.com,aA7%V/+Tx7g7lQ/,csmallthwaite11
39,kcastledine12@goodreads.com,yX8>c.TF{vE,fbroughton12
40,zdelgua13@wikimedia.org,oY4.D'$s|,econdit13
41,tgraeme14@noaa.gov,oS4~saY`NXz,thamlett14
42,wkeymar15@mapquest.com,pZ2=_VVB,hdomenico15
43,rpeppett16@nbcnews.com,cM3+KdqNLg5+O,gsilman16
44,gdevanney17@mediafire.com,iE2#Fqs2`=2+!rx,hhousecroft17
45,gchrestien18@umn.edu,gJ3!SqD?w`,rcottesford18
46,ksimmans19@ameblo.jp,lS3&/By%i\,ltinwell19
47,nweildish1a@usnews.com,"aY4""bWji",kknoble1a
48,nmcimmie1b@dot.gov,sR7>uwEC)rh4Di,cmattheeuw1b
49,gdecker1c@army.mil,mP6\h0\K,tpodmore1c
50,emccorry1d@youku.com,mP5_`Uua,smosedill1d
51,jblackbrough1e@npr.org,oL3&20)<q,vensley1e
52,mratcliff1f@tripadvisor.com,"iO7,i5w,|t@c",ssaltmarsh1f
53,msimak1g@wp.com,"tH8.uz|""hQcmPM",sditch1g
54,bdelouch1h@springer.com,uT4.5zvTJRR>o,bjuanico1h
55,wshingler1i@bravesites.com,fJ2!X+dGe$q5b0,rbeumant1i
56,kcamier1j@samsung.com,iL5`7~o?y3,hwythe1j
57,sneesham1k@cnn.com,xO6\P6c'W9,kbrookson1k
58,fclappison1l@bloomberg.com,jJ5`$B?~{(wU5,hcoulton1l
59,sjanssen1m@utexas.edu,dG1&=<_)&~MI%50,tstory1m
60,ipetican1n@samsung.com,gI0#}#&`ia|,selstow1n
61,smulleary1o@statcounter.com,pA3<wSWM>,hlaverty1o
62,jgyrgorcewicx1p@foxnews.com,"qM7""7n'c&z.",tandriuzzi1p
63,scullinan1q@about.com,sN5?R*x00algm>,admitrichenko1q
64,ahoff1r@comcast.net,eB4{*LPKg{*dy,rgeist1r
65,strees1s@pbs.org,"vW8""jRR7aBA+",tpawlata1s
66,myven1t@eventbrite.com,"aK9,|{Ehb${a",cseabrooke1t
67,mmerton1u@alibaba.com,"wS3""FwSzuh",ebartolomivis1u
68,cskitral1v@howstuffworks.com,"hU2||M""NkEauXu7",slabastida1v
69,owaddup1w@w3.org,bP6=e)MgJ,fallsupp1w
70,bweepers1x@delicious.com,"fK9,HrLy98S%",thayhoe1x
71,slattie1y@washington.edu,hD0_8\uil,tluciani1y
72,renglish1z@tinyurl.com,uE3/j.jl,bstebbings1z
73,abenn20@netvibes.com,yN3#sYv3,fcamilleri20
74,fdrummond21@ow.ly,oQ8$}mXW@tv,ojankin21
75,vmclellan22@noaa.gov,"nS3#lL2P}""7W",lllewellin22
76,smeneur23@arizona.edu,cG5|<GBnM0,bcastellone23
77,cvella24@japanpost.jp,xQ8/'tCY*,dcursey24
78,kplastow25@acquirethisname.com,fK7>a?+tB2I=STix,gfilippello25
79,acatt26@bing.com,fX4$ff$SHPvxY~,dvinas26
80,dstafford27@creativecommons.org,"wY8""l5+y<)>,!",atinn27
81,abowers28@about.me,"iN9""dN7m<Z|.&",llafuente28
82,kblazejewski29@cloudflare.com,"nS1@T)Q,D#ndovaT",mhawkshaw29
83,rabsalom2a@chicagotribune.com,iE5~I?MP0<m|vO,sdovydenas2a
84,dsingyard2b@ihg.com,tK8$lS=H(VP,qwheldon2b
85,cdoyle2c@cyberchimps.com,tK9_zb#{9+w#5,ehartzogs2c
86,zbeach2d@hhs.gov,"dU3,o$?r\f",bwitcherley2d
87,fbiddiss2e@scribd.com,mZ4<9=Fb./Z%RN,rblacktin2e
88,scosby2f@weibo.com,"mI6@1,aah",wgoroni2f
89,spinxton2g@ucla.edu,kB6{tuHbs'CH,melcocks2g
90,bboyan2h@paypal.com,vS2\T}'`?@r!'De,mmcwhin2h
91,cgoddertsf2i@bloglines.com,"cV8!0,%$1Sx~a",lgarbott2i
92,blefleming2j@state.gov,"wU9,g<8u#/S""uS",rwalpole2j
93,aackenhead2k@salon.com,zW1\E0=Wo,sradage2k
94,aweinmann2l@booking.com,vY5_L'2L`,bcopcote2l
95,jboutellier2m@booking.com,aC4>HQ`/tlDR_y,fartois2m
96,gjehaes2n@statcounter.com,nJ9?09HIe,lmccrorie2n
97,hhuttley2o@sitemeter.com,xP6|m=Qp,mcheves2o
98,pprate2p@rakuten.co.jp,iF3$G4K`/tWC9m\,awhittenbury2p
99,bkighly2q@ifeng.com,bO3(Cg@LrxwX(,lmotion2q
100,rweinham2r@google.com.br,gN7'y$(1*,jwinders2r
101,gmatschke2s@shareasale.com,iP7?*1m+9,ngrogona2s
102,lmcaulay2t@psu.edu,iV7=|3._R,dstrudwick2t
103,llowres2u@wisc.edu,hB7(q0sFGl1H,ofowls2u
104,vstotherfield2v@usnews.com,fP1>kU(u'uT1IV,gphillippo2v
105,hbloore2w@issuu.com,fF9~QDJYK}6,rshepeard2w
106,jcornillot2x@dmoz.org,"oG9)*,rXW0L5.&",fscandrick2x
107,jstandeven2y@mozilla.org,"cA7,9CxBh",cgarner2y
108,tkenright2z@yahoo.com,"oK2,vZ\8m?",iridolfi2z
109,adalesco30@skype.com,"qM6,5fMaa",jdionisetto30
110,cthomsen31@blog.com,aE3*jWem,dgooly31
111,bcundy32@theguardian.com,pV7%7a`T~y,cchasteau32
112,hmccutheon33@nhs.uk,pL7~{rHJw=t7lB,jdilnot33
113,jarchanbault34@youku.com,"kP5*c=MWyk""cFa=Q",riredale34
114,ktunnadine35@dyndns.org,jZ3`HG.k>USo>=/,lcommander35
115,cpenburton36@hud.gov,yP3'%ISE,slamartine36
116,ajosephov37@dyndns.org,uJ2.T2KZJ5%d/w,bbawme37
117,bseys38@smh.com.au,"tG3~Ad0q'&%?""\",oproschke38
118,ccescot39@eepurl.com,vG4=@|mZ{G(Ls,gnormandale39
119,mdunmore3a@google.com,zM3!F3|Qw|,kodonohue3a
120,pmatusson3b@fastcompany.com,gD4%+|V7YuV=J2aK,ffildery3b
121,ckinchington3c@google.co.jp,jN4=~#@x#us,bcribbin3c
122,hfazan3d@taobao.com,fJ7'\rhc#G<K,ekettley3d
123,acarrington3e@tiny.cc,"tK3%{g?'f,",aclardge3e
124,kgallichiccio3f@bloglines.com,jT4(wySHnt`E3,hleindecker3f
125,sbrentnall3g@aboutads.info,"iY5+|LAG#1,VCV",gfairholme3g
126,khenrion3h@ow.ly,qI4$gbcTo6dd2L,tsmithe3h
127,rstogill3i@woothemes.com,"aN7}SxXjmMC,)+On",hbelt3i
128,vdelisle3j@sina.com.cn,"qI3,4N3AmOO3",mcallaghan3j
129,kfoley3k@noaa.gov,lV6_Q?HPjKhvE.,aaland3k
130,stremathack3l@tinypic.com,cU4+e%#NW=rM=,brodmell3l
131,mdannehl3m@bluehost.com,jG8~6rF(V,cfransinelli3m
132,bmityakov3n@independent.co.uk,"dU4~lW*,xy",vrichmond3n
133,wglantz3o@altervista.org,xH6>pOaBh<`(!,bcarpenter3o
134,kdunckley3p@tamu.edu,bO0.|NKhy1xyobOw,bgeall3p
135,tzollner3q@wisc.edu,kU2=0DNcRU(2i,pchesterfield3q
136,tforte3r@princeton.edu,lR9.Ks/YgmBH'EwM,lpaddell3r
137,vlage3s@admin.ch,"aK8""i%SxS%ePKP",vburleigh3s
138,ltrevear3t@livejournal.com,mH4'kE(8#2Jz,bblare3t
139,bthrush3u@goodreads.com,fZ4}Pdgt&SP,avictory3u
140,theers3v@plala.or.jp,cR9)yoV.,marangy3v
141,dgounel3w@scribd.com,rQ4.(GdAp,cbonehill3w
142,ahuitt3x@yelp.com,cB2%!7JKVRt$_G>,wwickman3x
143,efrancie3y@dropbox.com,"cF1`,xDB",ejanowski3y
144,pduley3z@shareasale.com,qS0(BS@yWH@ntJWo,iworgen3z
145,dbickardike40@zdnet.com,oH6*}?bJav\iO%,ajanaud40
146,jvandervlies41@independent.co.uk,hW4#LK<V1e`i,ptrivett41
147,kaartsen42@g.co,jO5+$LLL,dbriggs42
148,ktreat43@nytimes.com,qA7(gP%hu#My(,nclaxton43
149,bsimonett44@booking.com,zP7#K&)g,jvardon44
150,toakinfold45@ca.gov,zG4\3}Sdl50}uhg,amion45
151,ypott46@cdbaby.com,jM7(#'17Z<,jeveral46
152,ghembrow47@amazon.de,mH4#sj<m{)<,bputtock47
153,ccomolli48@mlb.com,"fX2}zcO2M,/!u",fhue48
154,kmoncreiffe49@flavors.me,pX2@\7#Ul,jwhyard49
155,wboni4a@loc.gov,"cD2_ml0HK'O,gkNi",ipanner4a
156,doverbury4b@google.pl,yM5~rsA#Ov,gpellew4b
157,ostroband4c@cyberchimps.com,gJ3~?o%S@i/jv,tload4c
158,azamorrano4d@baidu.com,sT7)M+HdG>Q7k7NW,tcuolahan4d
159,fsyme4e@hubpages.com,gJ0.r4S7}gJtMl,ldunabie4e
160,rperett4f@sogou.com,fB7`R.?{,hkohtler4f
161,egodin4g@studiopress.com,rL3|ONmT}\6sX`r,flackemann4g
162,kdibben4h@geocities.com,bH8$>Ot~e0N~G,mhablot4h
163,egoreway4i@last.fm,sX0!.4wOMQRu,clampkin4i
164,kwestwood4j@kickstarter.com,"sH2$)nd1*N""nd!EC",rsinney4j
165,tromaines4k@bigcartel.com,cR8!Bp9Vv,ffielders4k
166,lgisburne4l@earthlink.net,gH9~pm@l,aledgley4l
167,bdickin4m@domainmarket.com,"cR4'+EO,*=fXm",ggimber4m
168,pdowell4n@free.fr,iR0#~Ps$,estarcks4n
169,kbeaton4o@cnbc.com,gT2`#f!_,esteffans4o
170,rhazel4p@ocn.ne.jp,lI4/Sdl4U@)tpfT0,gbrugsma4p
171,ftomley4q@virginia.edu,oK6)2Y(&,cwhalley4q
172,tleyrroyd4r@yolasite.com,hZ0<zb?|Z,troskrug4r
173,mgarrettson4s@wp.com,rO9#c1d`,lbeauvais4s
174,rpike4t@un.org,aQ3)~6(5i5+,mgoodison4t
175,egyngell4u@latimes.com,fQ3&Ma>4,tmacenelly4u
176,kphilliphs4v@nps.gov,"rK9`h""roV`kW",cpozzo4v
177,wjindrak4w@vk.com,bC3=hg/a8iQ,aandrieu4w
178,ccastledine4x@about.com,nC4@JAoO`0)X0n,dcoyte4x
179,wcobelli4y@sogou.com,wH6}'T69%@,wbeadman4y
180,seggleton4z@ihg.com,"jD0,%Rk%pQ.B_NS",xavon4z
181,bflanagan50@fastcompany.com,tO9$4#m5,jtremouille50
182,tdennison51@earthlink.net,sN9<=Xib$PmfQO`,skornilyev51
183,dcanning52@domainmarket.com,rQ9/9j{),edanzelman52
184,cgrutchfield53@domainmarket.com,wY5{J%JNEEk~$>l,tgiacobilio53
185,squant54@discuz.net,kB4`x#CNCt/N,abafford54
186,jcordero55@theatlantic.com,jQ2|f*QC_tDK5Z,mdugdale55
187,bheinonen56@narod.ru,"gK4,2l%tfOH88G",igolder56
188,dswitsur57@cbslocal.com,"jP2,uGm.df8TVpsT",mklimkiewich57
189,hmowat58@google.co.uk,"rM7#""f'tmHKe_0",mmarkl58
190,gboxell59@indiegogo.com,kV0|O_$lOd?t%dV<,btreend59
191,mlembke5a@apache.org,sK0$J7Jr%!aIO,bcharopen5a
192,mmartyntsev5b@fema.gov,"fL4%H.uT<B5,y""",rcordet5b
193,wchevers5c@mapy.cz,dO8_|F}\o9GU\,rmitro5c
194,mdelle5d@mayoclinic.com,vI5\}rUga3,mstorer5d
195,cfones5e@plala.or.jp,jI9>P}QX,rbithany5e
196,rbanat5f@accuweather.com,zZ8?S'k\,eburndred5f
197,jgiacovetti5g@alexa.com,zU7|~5AF,hbuey5g
198,gbridson5h@webeden.co.uk,"oA0|~KdkFU~m""4",lstygall5h
199,kjamrowicz5i@un.org,pX0`6P&U|hAcU#,rquartley5i
200,lenion5j@furl.net,sY6{i1p6%f<o,faddicott5j
201,ghain5k@harvard.edu,wO6+G4LfYns4Wid/,npolet5k
202,redmunds5l@pbs.org,iE7%H=AY,mmacartney5l
203,cfishpoole5m@jugem.jp,uT4$eyVoq,joxlade5m
204,etixier5n@nasa.gov,"rE6\MBz?WID,m8",lshall5n
205,cupshall5o@domainmarket.com,kC9+k44P)N|.h$(,bfrowing5o
206,scosby5p@weather.com,"pK8|G&Z_oPHy""K",eearry5p
207,lgerant5q@mlb.com,gE3.M9a`5y,esample5q
208,kplatfoot5r@facebook.com,"rZ5|~V,b",gmoff5r
209,jkach5s@sun.com,uK6%I{RtW6n$C5>t,geasbie5s
210,jcridlin5t@tiny.cc,"cC8)9j=""U",sphelipeaux5t
211,rharroll5u@wix.com,qP3/z7b)To=#5,hwartnaby5u
212,kfaust5v@shutterfly.com,cJ7>&9Y_4~mo,sgoold5v
213,jsumpner5w@list-manage.com,dC8*aK_J,mhayler5w
214,egraddell5x@delicious.com,oS2$?yfA{)BqcRLA,uarguile5x
215,sblacksland5y@163.com,"bP4@m1K`m""QTn",gcrosfeld5y
216,asteed5z@time.com,pZ1|>~C=o(4,nhuertas5z
217,rstanggjertsen60@ca.gov,cG5$o1Xu,avidgeon60
218,uharradence61@vkontakte.ru,fW4_GE!1+@{5l4,htrever61
219,ccannings62@guardian.co.uk,vR2@{hqPS5,sbedrosian62
220,ayork63@narod.ru,dV5{{7W}BrlW6f,tblackadder63
221,vprint64@slate.com,"hM0\Hq""}",cblue64
222,haspden65@sun.com,dP7~Pl&MMi3G,inelthrop65
223,fshury66@oracle.com,xG5/?31wcwP+A\NW,flenin66
224,pvaud67@booking.com,"jQ8,%EUw${/tc",twilcott67
225,masbery68@blog.com,"wY3!SziB,iIM21",osamms68
226,ftixall69@photobucket.com,"mD9""ECp'KKjIQVu",cherrema69
227,taimable6a@ihg.com,xL9~(lGHrh@,legre6a
228,cbacksal6b@toplist.cz,cA7~wfJ>m,rholtham6b
229,jconstance6c@microsoft.com,cC6/fcM2Y5k,mgrinstead6c
230,bsmouten6d@istockphoto.com,jU7`PcX\uB8h+M0!,ncouroy6d
231,gclancey6e@opensource.org,yW8>MM#9qrpxRq,griglar6e
232,jthominga6f@eepurl.com,nU4?oruc7EfY,baikett6f
233,agowers6g@seesaa.net,dP1&ko6Ls2n>,hburnsyde6g
234,gshugg6h@wp.com,"iH4,}Cfsc5`h~)\&",amanass6h
235,ntyt6i@washington.edu,nV8#vA2v=N`W,ofredi6i
236,briccelli6j@google.ca,eO6).BRgW{hl,ehritzko6j
237,jgravet6k@gov.uk,"fJ1`mf|Sq,`%eM!f",skahane6k
238,mstanford6l@exblog.jp,"rB5,/=ImJmofP'",eglendenning6l
239,hreal6m@usgs.gov,eF3\lS6S1,kzupo6m
240,kcozins6n@psu.edu,mP0!u.K2$siEJ,pdibartolommeo6n
241,msiflet6o@usatoday.com,"aB3@IR\q""",lclissett6o
242,pmuslim6p@patch.com,hL6.E0DcR,kwallwood6p
243,pphythean6q@bigcartel.com,aW5{?E6KjgFI/JQ,gmackenzie6q
244,tsiviter6r@cmu.edu,cM7|Q0(z{k?y+,bcook6r
245,grushby6s@gov.uk,"wA1`,i77v",boglesbee6s
246,mmcnirlin6t@mapquest.com,"sL7+mYi>1X,**{,",pargabrite6t
247,rbarus6u@bloglines.com,sO6%.K.r)y*Igi&,mpray6u
248,dogers6v@privacy.gov.au,nO1<)jhL,agopsell6v
249,ewinteringham6w@huffingtonpost.com,qC0<{b}713%kk$r,jbulpitt6w
250,jdruitt6x@hp.com,fL8&Z4'N@s,rwilks6x
251,ttuxsell6y@va.gov,mG7~q.wb`W@rE<?H,cprebble6y
252,wmardling6z@nba.com,"fU2.f.G{#wWw""nz",hbaldin6z
253,fguest70@va.gov,pN2?X)sVZJ)$a,gsiddle70
254,ehalbert71@discovery.com,kB2@J9!r.,tbradborne71
255,mlouisot72@nifty.com,"aI5%G`9,Qwu=v@+",rmumbey72
256,mlegat73@java.com,kW9+ba$7nXahyw,rlangmaid73
257,faiskrigg74@loc.gov,gB5`pCsTs.x,sberlin74
258,gwickham75@phoca.cz,hQ9~+!qRrwF'A,mteasell75
259,nbrannigan76@wsj.com,"kK4@/L#|&,|Coga'",jfavell76
260,atidbold77@networksolutions.com,kL6>#a&xxcHDLZwT,vpatley77
261,tcuberley78@oracle.com,tA8'O<oTq,wbrown78
262,jgrinnikov79@google.nl,dO6.G(1ZK8ztb0e,ejermin79
263,ctudge7a@g.co,hA3_#XY.*c,mhurl7a
264,ffreyn7b@zdnet.com,nA9|@qyQYdT#U,khavoc7b
265,mrumin7c@facebook.com,qB4%0sq>Ni,hrijkeseis7c
266,hbastone7d@hud.gov,nI3`Z!OLeE6&_L,aviegas7d
267,mtarver7e@aol.com,aU7+8|sT&h@,fmcnulty7e
268,rsmout7f@dell.com,nN8)v*FraswqGL8W,rpinnocke7f
269,stattershaw7g@xrea.com,mC7?O.hV,awilkerson7g
270,ddurdan7h@irs.gov,qR7}8TjhnY},fjaffra7h
271,mroberto7i@wikipedia.org,tL8*s`}hkwh@XAm',tbowness7i
272,njiri7j@newyorker.com,kT8&W+zG_Du,jbatman7j
273,imoroney7k@deviantart.com,nM8<SgBZ,mbarrowclough7k
274,bsurgen7l@independent.co.uk,"uO5~!24y3Z,(WK3h",kwaything7l
275,bsinton7m@vimeo.com,sI4#.P.MusrdE{O,tcyster7m
276,hmackeller7n@youku.com,"qZ1$ehK4D)n0Cp""*",bmasdon7n
277,fstedmond7o@microsoft.com,"sY4`,aF/l",gleftbridge7o
278,dseager7p@wisc.edu,uH4.~$RFaR,rtonner7p
279,agull7q@dropbox.com,mY3#(xm{S'9,vreedyhough7q
280,nwethey7r@macromedia.com,yC3\f#QDX@<Ka,tbuckleigh7r
281,eochterlony7s@bizjournals.com,cS5&xk%w0MNJxo,ldhennin7s
282,ftrevance7t@php.net,vO8%Q.FtwVw6{L,ktribe7t
283,hrundle7u@epa.gov,rF2@F+L#Fj,hholtom7u
284,gbromilow7v@upenn.edu,"fO8*@UI},3zhl.V",prheaume7v
285,ckorneichuk7w@github.com,uY9{ZdLp,hrugieri7w
286,jfreshwater7x@globo.com,lV9_.qx3{,tbrislane7x
287,traymont7y@i2i.jp,mG4%KF6v4)aPS,smaruszewski7y
288,llowery7z@blinklist.com,eZ7~KM9eZdvr'do5,ekrale7z
289,ifarleigh80@wired.com,xW6|$i<+du?VQ8e\,hdawtre80
290,tuwins81@disqus.com,vW5+(eFf+SKX,ameldon81
291,dpedron82@themeforest.net,wT9'u_MmAF.ah5.C,acoddrington82
292,coliphand83@wunderground.com,qG4&37_aSs3$0.,rlieber83
293,achamley84@virginia.edu,tC0@0h|)A,urameau84
294,elakenden85@ed.gov,nM5.@.U4,tbance85
295,rerie86@cpanel.net,xW8&.~j<#(n,pkilpin86
296,bgatus87@weebly.com,aB9'{hjKl#sy,mmacalister87
297,bhannan88@cam.ac.uk,"iK5""L_zi#2$DQw>",cwattam88
298,msainsberry89@amazon.co.jp,aX6+0$Mo,tmalinson89
299,jbernardot8a@google.pl,gJ7'tWc1%Fx7EL1!,crivitt8a
300,rbardey8b@bandcamp.com,uK1'R~5|\l$3Y(*,durpeth8b
301,cventam8c@cbc.ca,hJ7%UTWI!&|,gblamire8c
302,dtuxsell8d@gov.uk,iD5_@chJ2UB,eadkin8d
303,rshowers8e@gmpg.org,xC7/ko!I&,knewick8e
304,cinchcomb8f@timesonline.co.uk,kT6{5/@8mF,lbaudesson8f
305,cbeckson8g@buzzfeed.com,gL7?%DJno,smulryan8g
306,kpfeifer8h@cnbc.com,bW1!}7Re|p5q,rglasson8h
307,kfrawley8i@nifty.com,mU0+SrN8jPOvQUE\,mtuff8i
308,dsummons8j@free.fr,pC8.@9D'Jc,klafrentz8j
309,ecrennan8k@networkadvertising.org,hP1'M1<I,gkubasiewicz8k
310,emckeggie8l@si.edu,nN2|G\F6Gdv,ltrevarthen8l
311,ipaske8m@reverbnation.com,zC5%&l|vx_,cbowld8m
312,agellett8n@wordpress.com,dZ4)V8A<,htillman8n
313,mmathonnet8o@ftc.gov,xI4<xW(#5),ktween8o
314,gsidsaff8p@rambler.ru,xO5<Jn~u,lridoutt8p
315,zmansuer8q@dropbox.com,pE2$KgAV#g%U,jmohamed8q
316,brollett8r@patch.com,"bH3}{""q+R(Wiw?Da",ldran8r
317,mcleator8s@wikia.com,rX6+{FqT+acfe,claste8s
318,fpashbee8t@microsoft.com,cL9!p45WYm5!{5,alindeman8t
319,lfittes8u@blogs.com,aC4\v=bAfjw6>,bskentelbery8u
320,tdrain8v@foxnews.com,"mB7""!<b@$Hib(",dbateson8v
321,dgreasty8w@dropbox.com,tG4.(ddz,ljeenes8w
322,bfinan8x@shutterfly.com,pG2~<&+(,ceden8x
323,vseeds8y@unc.edu,bV8$P+55a%,nbrogden8y
324,cfishwick8z@usa.gov,wR3$0fDzps?$O.,fblaw8z
325,mgreger90@barnesandnoble.com,"oX4+""BF""",tmccreadie90
326,sedmondson91@theatlantic.com,rW7'+$nL0E8B$}f,tleere91
327,afoster92@yellowbook.com,qK6+_JJD0SH>\70d,nsimonot92
328,epestricke93@ft.com,bN0(9F\?VbI,sitzcovich93
329,bbettleson94@eventbrite.com,uV2}b|)#}%oz,cmattingly94
330,chooks95@biglobe.ne.jp,sP7%cUW%%,rgogerty95
331,bgarbutt96@gizmodo.com,"uD8~H""N,f&",smarvelley96
332,mwyre97@diigo.com,uJ2\C}#d`R#1uj,aforman97
333,imarty98@marketwatch.com,bP6/sJM&5Lt,wwindebank98
334,mscrowston99@nih.gov,hL9#'cE+w,mtheze99
335,vskitral9a@feedburner.com,bN1/d/NFVsd|83,nsmithend9a
336,estigell9b@telegraph.co.uk,"aM2""`U=lh",vmcglashan9b
337,cfilippucci9c@ask.com,cC8*8I=kk0N2r'Q,raulsford9c
338,jfishbie9d@yahoo.com,jX3=J=K7cx,amcclaughlin9d
339,afishwick9e@clickbank.net,"uQ9""CE.}RS",ghadlow9e
340,mhendriks9f@moonfruit.com,"wD4#&_v""Cu",ggoatcher9f
341,pleyzell9g@nps.gov,"sR5""FC+'Llj#}!x@",bgreenhalf9g
342,rlampkin9h@cocolog-nifty.com,hH9}0le2/<I+_D?,fmudie9h
343,ddairton9i@addtoany.com,sX2!vAG/h1_f+(,tdymidowski9i
344,vspiers9j@nifty.com,"wD9(7v,""3qk``6",emacelane9j
345,gmalshinger9k@hhs.gov,fA8..T|qbt7c|0,hkeddy9k
346,lworg9l@homestead.com,mV7{gZ8u2.Vy?+x,gizac9l
347,dpiatkow9m@comsenz.com,iY2}$qL09O/1Q,gsillis9m
348,edallemore9n@tumblr.com,vX8!ushR?hC86,mtwining9n
349,lsandwick9o@cnn.com,kQ6`n>5mJr8!254/,bpaddemore9o
350,lghiron9p@umich.edu,"fZ9,f#,N@EG}h1S",ghabbal9p
351,apeperell9q@pagesperso-orange.fr,eA2/WrB=VUd,sbantick9q
352,gfraczkiewicz9r@va.gov,tU4`+Zy3r7~wsu,rhawkett9r
353,ikenn9s@cmu.edu,mM0>1EmT+RS.,adukelow9s
354,sworters9t@house.gov,iN3|0kYC,gplitz9t
355,bfreddi9u@wikipedia.org,jO7.n+.\,ccoyte9u
356,kdoll9v@forbes.com,yX1#~TC<o=0_,egavahan9v
357,bleckenby9w@springer.com,"kH6~0X&""""(7A",olabusch9w
358,pmaypes9x@sitemeter.com,hT9}368odMI#2|G,kfetteplace9x
359,gbussens9y@npr.org,"yT4}Oy,<l",hkringe9y
360,clinsay9z@webmd.com,lI7{Sh?##h<G|#Na,epocknell9z
361,cmcgettricka0@hugedomains.com,qY1*@c)LwLao&,fchadburna0
362,sdoeya1@shareasale.com,xO6.=Z<.7(,ipumphreya1
363,ssutwortha2@yahoo.co.jp,xS1*7(L`$o3\,rdawdarya2
364,darenta3@behance.net,tX7%Edoe,vsansoma3
365,kgrimea4@toplist.cz,sT3.x6JjtM,gpersencea4
366,eelstona5@dagondesign.com,tJ8??6ykz,oeacotta5
367,bspaingowera6@state.tx.us,uP0@rRf+YC,wgimeneza6
368,dwoodagea7@xing.com,sY4#gF2`dZ>%q7,jklouza7
369,nbalchina8@ezinearticles.com,"wI2}.NVj_P,+9",lmcdirmida8
370,jkimbreya9@nymag.com,oE3+{2l@EBW,ssussemsa9
371,jlackemannaa@psu.edu,wD7)3F){.+X9.~0,mferrariaa
372,jduffetab@friendfeed.com,nJ7+vK$k|Wb,ahogginsab
373,spetzac@jiathis.com,zO2&ND|*Ghl#1,agallichiccioac
374,tkilmasterad@apache.org,rC9)UdNx#~+2,bpordalad
375,irosensaftae@salon.com,jL9?2N>Dh0yMM,kglenae
376,kknappittaf@usa.gov,kQ1}s484/h'$qlo,icurcheraf
377,lpanswickag@tamu.edu,jD1\t2F9.&Vxop3<,cfairbanksag
378,lwitchardah@clickbank.net,"yT4,9,nFyT9sW7",dsibbsonah
379,tgrogerai@elegantthemes.com,mD5@VXg3,chudspethai
380,scoomesaj@bbb.org,uD1&k9$~k(zu(Ax,zewbanckaj
381,ralexisak@jiathis.com,pP7(sUqqK,skingescotak
382,cneilanal@ifeng.com,tY5?BN)80=_+m,jmoweral
383,cmanoelliam@github.io,"bG1$N6H3}*""W8",spoggam
384,ehowdenan@ustream.tv,rE6%&$?CA3lL,hdunthornan
385,wkesbyao@prlog.org,"sQ7@KowMVq8t""g+",lmartelao
386,lcroncheyap@va.gov,cN8<TW_T&tjt2K9,cmcgebenayap
387,jporchaq@weebly.com,hN5#$u28r,dswansburyaq
388,jwarrellar@xinhuanet.com,"lQ4,3pk/+0GyO",bterrillar
389,nkamingas@umich.edu,"tH9>z(b@""z",mcrusas
390,rschofieldat@last.fm,xI8|N}f56.,kjumontat
391,atwelvetreesau@examiner.com,"pH5)mI|w_Y""dh",hjeffelsau
392,agroseav@redcross.org,lJ8@\qGHeG`h~a/),cpiffordav
393,cbartolomeoaw@spiegel.de,rZ6(35g_S`S4,fborkinaw
394,jbrughax@ucla.edu,bK0~KXz%m06,hclemensax
395,ldiggeray@go.com,dU9'k'hze6`,gveelersay
396,cweemsaz@dyndns.org,fK7>b2`GAJh}&_UX,djamiesonaz
397,mcoleb0@stumbleupon.com,"pS5,xr&m\su<|0e",bdyerb0
398,acrocombeb1@uol.com.br,dI9)7FfY!,gtreacyb1
399,rtrengroveb2@ihg.com,"zG0{K,U_rS""W0",lharesb2
400,driccardinib3@github.com,vK3({95'IV|LO,asnookb3
401,ndriolib4@macromedia.com,aU9!b0_hk9r`Qj,dkenneab4
402,rlissandrib5@tmall.com,nQ1=qXEOMzz7f4=,spetleyb5
403,egoggeyb6@about.com,lS1{Ricrbs,ptiddemanb6
404,sroyleb7@mozilla.org,iU6#4w'DRxXN@|,fgalsworthyb7
405,cduncombeb8@abc.net.au,rC8>\Hiho%o?,bolekhovb8
406,ddallanderb9@nature.com,jH9}56Cy}S~5),ccayleyb9
407,wsheerba@studiopress.com,sC2)mI2F=89.J.c,lhinzerba
408,rbuntbb@hp.com,jT8/.ixP0UJooo9,fwoollettbb
409,mmcgrirlbc@fda.gov,iR4=D`%xoV3,eemanuelebc
410,bklimowiczbd@webnode.com,lN9_uVo7,rmazeybd
411,kmoroneybe@barnesandnoble.com,nI3{HDg}U,ddunbabinbe
412,lkeenleysidebf@devhub.com,jG2}3|r9jE`,ryusupovbf
413,lreddellbg@admin.ch,xB7`U6}WwPFl/D,bgabrielbg
414,ecridgebh@noaa.gov,zV0!jR4m@(O.,apiertonbh
415,abyfieldbi@npr.org,gP1$Q7Q((B,jwychbi
416,adunkerleybj@about.com,yN6&zz#7Dn,nsutheringtonbj
417,askuresbk@google.cn,hZ7`FJz'AsDUo%I,jklagemanbk
418,mantoniewiczbl@google.ru,mG4=vNPDhD}($,bnormanbl
419,mdouganbm@pbs.org,gB2*RSD<myjA*3ch,ksierbm
420,tseddonbn@sina.com.cn,iT6}mU`D@)O?R~i,cgusneybn
421,rstandellbo@yellowpages.com,wP7<?Dij<%Y$\5,dagassbo
422,gslinnbp@amazon.de,mP5#/uk>fmsA?.&&,tkeysonbp
423,foscullybq@patch.com,"nL5""`.L&kM>&",fandresenbq
424,cmiettinenbr@about.me,"uT6,2JP8XlvT5|\<",jskasebr
425,jjuraszbs@unc.edu,eO8/48&K,rvogellerbs
426,spiercebt@homestead.com,oM9<I*0h_J&h3!,tmethleybt
427,jwhitebu@booking.com,gA1_arYDdh,vmacnairbu
428,gcromlybv@sina.com.cn,aY8'k1C(,sjodrellebv
429,bdemkobw@goodreads.com,rU6(FdV5p,dhoybw
430,cmedgewickbx@dyndns.org,uJ0)HT5~_RX,aborzonibx
431,iwherritby@noaa.gov,"gE9=wzL4+@>{)~,",donnby
432,mogrowganebz@wordpress.org,bA3@h~X8H$,speddelbz
433,koswaldc0@nps.gov,wC5=YPpsP,kbunclarkc0
434,lmiqueletc1@harvard.edu,qY8*~{ZE1Z,hbonhommec1
435,fowenc2@storify.com,lA5+F+<`Gr,fcolvinec2
436,fmauldenc3@ftc.gov,"wZ4|,&#{T*F",jhaukeyc3
437,foscandallc4@blogger.com,cH6%nfGO%#oVi,iravelc4
438,rburghc5@parallels.com,"fY3~%M""fXOgS|",cgerishc5
439,sjobbingc6@weibo.com,pF5_!tVtbkv7=`Mg,gmickanc6
440,kbaxandallc7@icio.us,iU4}kZSSU@\,pfaichneyc7
441,eproswellc8@barnesandnoble.com,mA6$_d>Va7ZhN*,araddanc8
442,sstrobandc9@zdnet.com,xR4)?tn!,aferreirac9
443,kgarrieca@stanford.edu,iO4*QFGxQ,nondrasekca
444,jjoslyncb@imgur.com,kK5`#trir=2K4,bpisercb
445,bleggscc@army.mil,rO1\KeTF,bbowescc
446,jbanbrookcd@seesaa.net,lE2_&aqJ(mB,wmelendezcd
447,mstollbergce@mapy.cz,qI8@37mHdNkA,ctillyce
448,bhaylercf@ebay.com,"kD7|?F&i2""",cgoarecf
449,eisenorcg@discovery.com,"nU4,mk}?7o08n7",hhenrotcg
450,cungerechtch@google.cn,qJ5<N}+'Bz<HhkU,amustooch
451,sstatterci@github.io,wL5~GgT{K4x,cadenetci
452,npoleycj@theglobeandmail.com,gM7=gN>xg+BA,cwhallcj
453,nspurnierck@meetup.com,rD8{l'd|I_,bfryattck
454,ilanfearcl@apple.com,sZ3?\M$`Q6nI08r,egonzalocl
455,fmccritichiecm@imdb.com,bD0<g\>8?D'V,cwallickercm
456,lbananecn@istockphoto.com,bR6|/o~<JmcW_B3,yhaslingcn
457,mgowryco@xinhuanet.com,jY2'tDS},groundco
458,kvasenincp@ask.com,rG7}2+r+'/Bm/Fv),bhunstonecp
459,bdecourcycq@wired.com,oB7?6$JX#5?,mdurbincq
460,osporecr@rambler.ru,wW4'8|=c,adietschecr
461,iellingscs@51.la,nX1\#Zt!,rdukercs
462,astukingsct@unicef.org,iA6<F60mK*,jmacrinnct
463,jwebencu@wsj.com,tK9`Y.BMl+Q@,dcolkettcu
464,dlampaertcv@tamu.edu,uL9_S5)t,jartistcv
465,tpattendencw@salon.com,pS1/m5%7WX,dbaillescw
466,wmattiuzzicx@dedecms.com,zR7!V)?q,teulercx
467,caimcy@nydailynews.com,jB1/|)QwO4,lgiraudelcy
468,dnethercottcz@live.com,uT3}VVnoRJ,dswancottcz
469,ctathamd0@icio.us,gY2|k`op_zwYj,wbourtoumieuxd0
470,nbeamsd1@google.com.br,mF8$wYl4bIBZ?,gyated1
471,obartolomeonid2@yellowpages.com,xB2#V07e>*,sgosdind2
472,moreillyd3@sphinn.com,qR2%e}rOaQum<2m`,jjinkinsd3
473,tloudyand4@vimeo.com,iI9}wattJL>~v,egrisdaled4
474,vmccartd5@furl.net,jC4?kL}!h)V,lsargeauntd5
475,cmeekingsd6@yale.edu,mY3.CHbdiA#@h|,tchatelotd6
476,asturgeond7@mayoclinic.com,mQ6&Y>Gx0,rmennelld7
477,nwithringtond8@meetup.com,nJ3}'.<|#90}`'f,gliversleyd8
478,cschultzed9@last.fm,mD2|*IjNn75Q0FH#,fduckerd9
479,gandreasenda@studiopress.com,"dG7?y?cE/E2K<k,",bpyleda
480,rambrogiottidb@fema.gov,wM5'Dza~?Hzlb,jrobkedb
481,wbyshdc@goo.gl,tM6(e3NKO0,binglishdc
482,epulleydd@smh.com.au,fD2_Ca16,htomsettdd
483,fsobczakde@statcounter.com,bS0+mWN5dI*uK)6\,akasparskide
484,gottleydf@omniture.com,mI8<ET<@VT~A,nculverhousedf
485,ablockwelldg@miibeian.gov.cn,"zN3*&""o3#)_X/q*W",bdurranddg
486,oingraydh@discovery.com,cM5?}6Bv>C\,sgartlanddh
487,elacasadi@columbia.edu,"qI9""'x5""LTfKjP",molongaindi
488,smacilriachdj@berkeley.edu,sL8(o)WkNb,cgratlanddj
489,mpaulinodk@boston.com,dT1%.%ca,rmortondk
490,cfilipsondl@bbb.org,bM7?H'OhGP0A_4h,eembureydl
491,lcorryerdm@soundcloud.com,sV6(YcjMSE+B0aaX,cbaxstaredm
492,dmartynovdn@twitpic.com,jD7<<y{Tjd,aboardmandn
493,wshuttlewooddo@uiuc.edu,nL7}S6U$JInpX2$?,aserrurierdo
494,sdousedp@digg.com,tN2=HVc1z>f%,civaindp
495,brudsdaledq@prnewswire.com,lG0}S7fIkRY(,rweiserdq
496,vbarbydr@smugmug.com,"yS9""{KpE8!SaL",adudmarshdr
497,dgianolods@ed.gov,rF2=I_lM7o/F,jkerleyds
498,jtaffarellodt@fema.gov,sP7&wI*{bb=zbG,rlakedt
499,rgrigautdu@people.com.cn,tF2`%G_gt<=&>0,channisdu
500,mleperedv@netvibes.com,nP3@/EnxFcx.,mmarisdv
501,bwillsheedw@wikipedia.org,hX7.?@Z>UcL,rhebdondw
502,ycurtoysdx@china.com.cn,"bX8,Lrnx8Es`dm*",bmitkindx
503,dismaydy@arizona.edu,"uE5@UY>""GF?u<",jegelldy
504,emurrowdz@reverbnation.com,"nA3{W=~Rr,|b(l~",vstatherdz
505,kportrisse0@wsj.com,"bC7""\~y{IddHVb",ldormere0
506,fmaccrossane1@huffingtonpost.com,sC2*LlOeY~r>L6@,ssparlinge1
507,tlouchee2@yelp.com,aV9/rWS)Omn{u#o,aparkynse2
508,wowlnere3@youtu.be,jI6=`v2Lx&K7/pa,gchristophee3
509,gbezantse4@cafepress.com,uL7'J'td,agobye4
510,nmelburge5@slate.com,tO2&(GJk=}oFy%,jskede5
511,ablaxalle6@webeden.co.uk,uN4{ZGF4},sifille6
512,pcapseye7@reference.com,"vN3<XofvN,0{.RWP",fchottye7
513,rcoventrye8@timesonline.co.uk,bK5.CB&ox8Efn,sclerkee8
514,rsimonette9@nps.gov,aQ9'Eqov=PY_,hrapere9
515,iprobyea@mysql.com,kN4($8(RsI,ashwalbeea
516,gzuanneb@1688.com,jT9!b2QA=wDt\M|C,aslattereb
517,awadforthec@flickr.com,fP7=eh\\P,abrecknockec
518,acathesyeded@earthlink.net,hH7'UczR)OH)x,ppeppetted
519,lcumingee@mozilla.com,"dK2+/Tb@Xd""YK00#",aionsee
520,spresseref@facebook.com,"yD9/}jtam?V4""EWA",bgiacobinief
521,acarpeeg@yelp.com,tD4.AI~K$v$,alewsieeg
522,kbambrugheh@apache.org,qX8<I6`Ga,tviguseh
523,nmoroei@reference.com,eU2/L('Mfr#!,sdykinsei
524,bkearnej@cnet.com,"iM1,rx_Q",emcneillej
525,adunkek@deviantart.com,qT4@JwOOr*,mgoodwellek
526,rguinessel@lulu.com,tM7(ZudOEhH|s,zfawcittel
527,bbatstoneem@goo.gl,aW2|xYW?iRr$,tzouchem
528,kmacgebenayen@yandex.ru,fJ5{O&AvTuX,mmullochen
529,rissaceo@prlog.org,mC6`JYOjnc,pbeverstockeo
530,vrichingsep@loc.gov,cI1+wsB)2ktdPQR,jstraughanep
531,shubbuckeq@unblog.fr,"dU2,,XN0_Q<eiA",sbackhouseeq
532,nsarfatier@pinterest.com,iS3<pF3K{TQL?s&,mfahyer
533,tassades@wordpress.com,jC3/>>bcdR=e1q,bhunnes
534,ahendrickxet@yolasite.com,"gP4@G3Ay<D""f93@7",oantognettiet
535,bgorkeeu@mtv.com,mS4=YDxr,lmassardeu
536,eseeneyev@abc.net.au,"kK7|ljpD,)~zL",lgridleyev
537,kbethellew@tripadvisor.com,sH7/Z0LOqjf8v,pthompsettew
538,iminichiex@nytimes.com,eL3{q=Lx96,choppnerex
539,ghuntalley@jalbum.net,"dP6,G{>.y+BA#,&1",dbartensey
540,rfallaweez@g.co,lG3{`Ov}C~M5afb,rmoughtonez
541,nrandellf0@list-manage.com,"lV7""|Y,b!$CG",jcordeirof0
542,estefanovicf1@surveymonkey.com,"dX6<u8""`t21gH",ablaydonf1
543,ladinf2@scientificamerican.com,tX0~DnWR4C0V|,mgligoracif2
544,tlockierf3@nasa.gov,iE6+IqKalI2p,bmcmoniesf3
545,agoldingayf4@spotify.com,"oF2!!!&Ho`Im""N",vseef4
546,rwebberf5@scribd.com,cL7&$G1g@jXGVz&,areaneyf5
547,elorenzinif6@noaa.gov,pC8+4|Y+F)R5Hl#,rmacdunlevyf6
548,fdrewetf7@github.io,xM4'O8UGUWI,csapshedf7
549,vbostonf8@stanford.edu,gJ1{k&?iBK0%K,sdixceyf8
550,jmacnalleyf9@nbcnews.com,xS2#%1o),lcortezf9
551,bgalegofa@google.com,kH4%\m7UYT$9,rgorriessenfa
552,bpaddisonfb@netvibes.com,oE9_iP|{D7P2,hshillfb
553,ibakeseffc@youtube.com,pA0=k.Do,lpietranekfc
554,kcassellsfd@xing.com,"gE4,!mE{{",tcolesfd
555,dspellerfe@cornell.edu,cF8#)yEg<b(Re1,cmcphilipfe
556,emacgianyff@networksolutions.com,yA4=T!c)G,pebornff
557,dprotherofg@home.pl,xQ8%eit.6JT4,fspracklingfg
558,mdericotfh@networksolutions.com,"mC8/B""SA=*",ckimburyfh
559,sheinricifi@craigslist.org,uL9/u233.,dwinterfloodfi
560,dskeermerfj@odnoklassniki.ru,"vC2@HFI""YX82",ihambidgefj
561,mvarvarafk@cyberchimps.com,qL4>f&4rj~K7UxF,lsummerbellfk
562,wringefl@disqus.com,xJ8|F8>V<WW,agreshamfl
563,prandalesfm@yale.edu,aK0/$98C(}6{HLy,ejewsonfm
564,wpolglazefn@simplemachines.org,kE1'Rtvg7M&8#)O,kextillfn
565,ehorburghfo@wufoo.com,wJ5#RcL#YA}<,abrabynfo
566,ccrakerfp@nytimes.com,sZ0>.)VZb,kmckibbinfp
567,icrebottfq@usa.gov,kF7*3UeIfZ|}@dhy,agaddfq
568,rsaurfr@arstechnica.com,"pS6,{IbNAib`L9w",ssudyfr
569,lpetroulisfs@furl.net,sE3'btcMmCEaO$Y,caitchisonfs
570,mjiroutekft@flavors.me,aT8~saQp2KD?H'4I,jchiplinft
571,sbembriggfu@youtu.be,iG7*r?(1Js\.{`i,bmccormackfu
572,tfarnishfv@weebly.com,eE7_NB\pb$,hnewbandfv
573,esamarthfw@google.ca,"hL9@,&)s",lkordtfw
574,rschoularfx@state.gov,bP8`pq~ZVTS\fFQM,fhinksenfx
575,bbraemerfy@domainmarket.com,uG7%)I+X&,eclashfy
576,mevansonfz@indiegogo.com,"sG2?_a0oynJF9&""",tsaltresefz
577,kcurzong0@oakley.com,wI2&m9awp@*T,aspriddleg0
578,dmcguireg1@stanford.edu,uL9_D@!GM}kxqf+q,mdellatorreg1
579,ckunatg2@example.com,jS4}U%sHGRCp,mcaslakeg2
580,srenzullog3@foxnews.com,qG2%{&`zhJZ=U,nferrog3
581,esapwellg4@naver.com,uU8`G(1.MB{4(\@,idurandg4
582,cstraniog5@hibu.com,oJ8/rYTlw%0niBDD,cbascombeg5
583,jkearsleyg6@furl.net,aH5_RTAwi\5,arattryg6
584,dattwoollg7@google.com,sY4%0yxKuw,ediklesg7
585,ppomfretg8@moonfruit.com,"vL5"".1jfq",plincolng8
586,kgeorgelg9@chron.com,"aX8+pjGzs""ls0u",mbollisg9
587,meschega@instagram.com,dH4+$'C@9.D8`yJ,wmacardga
588,zgatenbygb@artisteer.com,yV9&O@_j!R=J>,kcastanedagb
589,csturgesgc@ehow.com,uR1{=R2j)v\aE,mnorsworthygc
590,cbeamesgd@hostgator.com,gK2%ddawI&72r1x,ccomettoigd
591,lboulderge@goodreads.com,"bU4<DgEi8""%J2",ddowningge
592,ajeggogf@1und1.de,lZ4.4nH8Vmz<,ebrecknallgf
593,lharcourtgg@wikipedia.org,tW6%hXf3wcN65!,mgarrygg
594,mbarrickgh@skyrock.com,rI3}!gO'O,ejurczikgh
595,ofountainegi@artisteer.com,mQ7&ctzxUG,aczajkagi
596,vpernellgj@unc.edu,mK3~+z?YlH0'(L,lwilprechtgj
597,ritzkovgk@feedburner.com,aK0}&1V{sN=8<$$2,lolcotgk
598,abarthelgl@delicious.com,"yP9}""#*@~PkJm.)",pbristoegl
599,elabbezgm@studiopress.com,vI0.Uws\ip>o8i,umaccoveneygm
600,sdumingogn@purevolume.com,mB3<<w_Yl,mmacdermotgn
601,rboylesgo@clickbank.net,yZ5>bNILyZG?,bbeinckengo
602,ldillistonegp@addthis.com,iH3#o){J@Q,tgoinggp
603,mshonegq@edublogs.org,yD8!y<6gkc#93,rheninghamgq
604,kduestergr@biblegateway.com,dJ0!D{v\),otebbitgr
605,gsalangs@digg.com,"xV9`,Q@)0",knarrawaygs
606,mocorrengt@imdb.com,"hC4<P,F.R",mfalkgt
607,showickgu@wufoo.com,cG4'Kuas,mgollandgu
608,olethibridgegv@spotify.com,rP3$rH2a}Dc,rblakdengv
609,skriergw@scribd.com,qZ4$6bV`1,kcoochgw
610,mvonderemptengx@soundcloud.com,nX1/l}CQ%U6*,alammerdinggx
611,kyolegy@timesonline.co.uk,jJ3@nVOUW8X},ccoggongy
612,choyergz@about.me,"hY4""@MNs",pmenghigz
613,ezarfatih0@youtube.com,hH6(YDZ8.(,gstruttmanh0
614,ewankah1@google.pl,pH0{EvCag,tedwickh1
615,jmatisoffh2@pbs.org,iU0_AOo1Yu,fharberth2
616,dstartenh3@goodreads.com,yP8$Eh5X,cilymanovh3
617,mteglerh4@go.com,qK9`no<Nx,clascellh4
618,mcammoileh5@disqus.com,fP7}Ple+'u&{N),lwellingtonh5
619,kbusseyh6@webs.com,"oS7{abT9DDi!f,",jwoloschinskih6
620,hciottoh7@nifty.com,rB4\}'bC,eduggeth7
621,eshoneh8@sun.com,vJ4<t7o3,amullallyh8
622,cmccolganh9@amazon.com,gM1+7Uh#0KkiPw,jstoneleyh9
623,jflelloha@phpbb.com,wB9/79F4TT2s},jmaassha
624,mplumerhb@goodreads.com,qJ5+yww8,plongshawhb
625,lboornhc@example.com,vC8!\puWFQvm,kcowlhc
626,ahoggettshd@noaa.gov,"gS9~@""Dta$KZ",cdrummondhd
627,crimmingtonhe@surveymonkey.com,"aC0`,b,2e",mwarhamhe
628,kedelmanhf@prlog.org,hM1}hEBZTYwjQu,fspurginhf
629,ggyurkohg@hubpages.com,"nU8>ONfLl4,=eB",bburrelhg
630,dtremellierhh@behance.net,gO0}>YV7Q\I7G8,wkesterhh
631,mcirloshi@amazon.co.uk,eT1~XXn\SS{,kpaginhi
632,ndorewardhj@ovh.net,gM8_q~\N%#`!<'@#,jkemphj
633,ohaileyhk@seesaa.net,uM4'U~ebXYX,tthreadgallhk
634,lcatheehl@sun.com,"cR7""O('=x",lsheavillshl
635,hbensonhm@about.com,aY5{sWp0uhwH,clinneyhm
636,lraffanhn@unc.edu,qR7+7'j<6&O,bseadonhn
637,rbouslerho@networksolutions.com,"rR3*u@2,*OIfjLqI",pcluneyho
638,lhutchisonhp@cisco.com,rU5&`mJBJEI6PYl,dsweetlovehp
639,reykelhq@nymag.com,wL0+uE1v,dmcgroryhq
640,omacewanhr@techcrunch.com,fD4(VnTls~%#,pplanquehr
641,jtomickihs@over-blog.com,cH4&KpEb,omonnellyhs
642,ahanneyht@macromedia.com,uL0\pPNiHzj,ypolkinghorneht
643,askeelshu@about.me,wZ1?>33!7v#=yJK9,egaviganhu
644,dwindaybankhv@senate.gov,wU8*Y&sJf|},abaudethv
645,hwaliszewskihw@state.gov,"sT7""kbTe`EW'5k$`",dlehrlehw
646,rmcsperronhx@unblog.fr,fI4*kA$bu,wcarlehx
647,dlicencehy@wikispaces.com,oO2'/mU+8>Km,hreenhy
648,phollowshz@yahoo.co.jp,tZ9{%aKv956\ai+,emelmothhz
649,hkearfordi0@lycos.com,eM4`U91/q%umS=,gmcgeffeni0
650,obenzai1@hhs.gov,hI9}L6F/2HwQ7,gcerroi1
651,ghurdi2@xinhuanet.com,mB0$9AH72ia,mvanderveldei2
652,dpostlewhitei3@nhs.uk,rQ7>hcYQE}5OrJ=},fgreenleyi3
653,bolneyi4@businessinsider.com,"rH0(_o""8Gx'",dmcalleni4
654,mhalleyi5@apache.org,oN0@'uAY,ldunkersleyi5
655,jseymarki6@wsj.com,hP8%@LG}xJ,hgiacoboi6
656,drennelsi7@amazon.co.jp,aK9>C&2t+G_p/qmN,mconboyi7
657,jscollardi8@blogs.com,qZ0)UD%5FH|XDP+,enewlandsi8
658,lpepperi9@comsenz.com,"cT7.ENd""~",lgammiei9
659,fpohlkeia@weibo.com,oS3.*QQ_av7_,kcissenia
660,emarchelliib@csmonitor.com,"aG1\V,DxA\!vk",gbereclothib
661,canelayic@meetup.com,xF9{8xS#zmBPR+Zx,nhaugic
662,tlongfootid@wordpress.org,nV2@.e#V,ehacquoilid
663,cdavidgeie@prnewswire.com,sJ2!==Zl5_,tewingie
664,vgreestif@irs.gov,qD0<>g*'/Q}l\/9},kalecockif
665,mbreckellig@cbslocal.com,rE3=>8GEW!.3,apriestlandig
666,uferriih@netlog.com,bA8|G3x&,aruddockih
667,bviversii@wikipedia.org,iW0=z0=f*#TK2YN,hfauningii
668,rdibbeij@ifeng.com,uL5}So8mZy=a,bsegarij
669,alearmanik@sourceforge.net,"gR5{4,(JVhJ)",jinggallik
670,hmanvellil@ask.com,zC9%Bp7`7f9,jfulgeril
671,hbattersonim@com.com,vZ0+vR6$+sTo{F1$,dhayllerim
672,mbollardin@ucsd.edu,wA1#UL8(%r.,sworvellin
673,kbownasio@51.la,"mJ2""1n+VB&&x",kbyardio
674,kbeaglesip@springer.com,tI3))mpoMGCR<bq,llaxtonip
675,atreadwayiq@myspace.com,bL4{Mmi+@%jT38,flebretondelavieuvilleiq
676,zcurrir@newyorker.com,eY6_mk!Y5wG60,pallonbyir
677,mkleiselis@engadget.com,bM3@Vr0@,elorrymanis
678,raiersit@artisteer.com,zB0(tKBY@lLwpTF,rspottiswoodit
679,cfoulseriu@nationalgeographic.com,kA2'O9n1LXF,vwoollonsiu
680,trichfieldiv@nhs.uk,"sG1\,uUk`sWGRt",tlinacreiv
681,mguiseiw@cdc.gov,hO6`R~9Dz/#W*<,lkapliniw
682,mmethix@gmpg.org,mO7*}LkHq,jjeandillouix
683,esafhilliy@wordpress.com,uL0!nyhb3,agemnettiy
684,lpickrelliz@washingtonpost.com,oV2'>__d*TNH#I&,awahnckeiz
685,mhalliburtonj0@sitemeter.com,"wG5=*1}Ce>QN""ZS",mweichj0
686,jcutajarj1@smh.com.au,vR3?tf<bNF3y,challettj1
687,pbrimblej2@seattletimes.com,hT2_0Xh_iM+,ijerzycowskij2
688,rsiggj3@desdev.cn,vJ3*$#L{siD(My$,opiechej3
689,tclailj4@bbc.co.uk,"sY7/N/y""?&).",dslidej4
690,qtyerj5@fotki.com,jS8\LY#hMCB_Kbp,iferneleyj5
691,dcrickj6@nydailynews.com,tO3#x?lKGoW,rbattiej6
692,owozencraftj7@sbwire.com,nK4?X{)D6rzbXNB6,qarklej7
693,dmoverleyj8@spotify.com,lX7&qLk2Vf=/5,gclealj8
694,jslydej9@miibeian.gov.cn,tV5|x26_,ykemwalj9
695,msprasenja@unicef.org,vO6.b5(a,cschankelja
696,mwinthropjb@reddit.com,xR0%r|sF_ng#o3,mcromlyjb
697,bhaswelljc@google.co.uk,kL7`&sH|,dchauveyjc
698,atanfieldjd@myspace.com,kF4%2mDY,jplaydonjd
699,chutonje@businessinsider.com,"fO7,vG}KgAX!Rc",abevirje
700,rcorgenvinjf@theatlantic.com,"mY1\9j,cA$0",sbrontjf
701,kgarbuttjg@epa.gov,wV4=M`}6%&2,ncockerhamjg
702,zlauksjh@dell.com,hN0*x>E`Do,pleebetterjh
703,hmerrienji@miitbeian.gov.cn,sA1<p\b3S,dphillipsji
704,jtapsfieldjj@nymag.com,iF0(FgK6+\ISaox,tdrackfordjj
705,etrevnajk@soup.io,hU6$dlejMusSpC,mweinbergjk
706,hmattisssenjl@vinaora.com,wW0{un)gU+@fn|wi,olamminjl
707,rwhithamjm@zimbio.com,nU0?{H)`#{ASGE(o,rjallinjm
708,bbrotherhedjn@timesonline.co.uk,"pF3/""aUi(PyW0n",omaryinjn
709,btrathenjo@mtv.com,vV0<}n4o,gturnockjo
710,ccargonjp@blog.com,iN3/A&9ClAsApl,dhayerjp
711,tsumersjq@myspace.com,sA5>R.>$+sCx2P,bjearyjq
712,sleheudejr@wufoo.com,aQ8@=`0$V}4L,rgetchjr
713,dthomassetjs@blogs.com,"nV6|o2HC<udD""x",tbeldomjs
714,cblaszczynskijt@oracle.com,bS6>GA3kO,ddaubyjt
715,ccustju@who.int,aZ9#mrE27F3MP,celsburyju
716,bkeeljv@kickstarter.com,vF9?w'x)o5s,baleksankinjv
717,ckahenjw@diigo.com,zJ9$s{_emYFs,lambroisinjw
718,mburgoinejx@bbb.org,cO4)m'yOiTr1\Dvr,askippenjx
719,isleichtjy@gov.uk,vG3`vu`oy,acroleyjy
720,lshufflebothamjz@etsy.com,"nP1,`dZI+/xl=W",rmalenfantjz
721,chuittk0@mtv.com,fY3*jt7{&grJP&K{,huphamk0
722,tcaulderk1@blogger.com,iH6_IMXy,ptwitchingsk1
723,jpaggittk2@storify.com,wH0|W{%ycg#,dkarolewskik2
724,ggallatlyk3@mit.edu,nZ9(XEP9kPhoB%,rvannik3
725,wbrookk4@amazon.com,"qR5%/JyP,#b8",nmatthewsk4
726,lbalfourk5@washingtonpost.com,oV3'mx$e,wjuszczakk5
727,cgellibrandk6@nymag.com,kU5#'<tR,jcrathornek6
728,gnielsonk7@dmoz.org,gI5_){s$W*o'o%`g,gbenfordk7
729,zbeardsallk8@wiley.com,"tH7`wy.}dN,t",amullanyk8
730,tmcardlek9@cyberchimps.com,sK3`s`kxz}DoG0=I,lcreeghank9
731,bwindleka@washingtonpost.com,xP8|9J>.\>z,ayeudeka
732,rsetchkb@github.io,iX3#zP_i,kclokekb
733,slambotkc@imdb.com,"hF4,&VQ0Dpu6",pcarpmilekc
734,rjollimankd@comsenz.com,dW6'(YD29!,shumphersonkd
735,kcouparke@sourceforge.net,vA7_8>5WCf,scollingtonke
736,bbontoftkf@google.nl,sF7\K7bK,mmourbeykf
737,ccaltonkg@github.com,vR7\MG(lhf@}17Xe,cmaccrannkg
738,acarykh@odnoklassniki.ru,wL8?9}SaP@,showgatekh
739,mfenneki@bbb.org,bC5&!sxs%$Ix3,trullerki
740,hfiveykj@addthis.com,dT5=0+nlLI\KgFe,blaurenzikj
741,cslemmondskk@networksolutions.com,jM8`%8Rc5(&Uu,ddelicatekk
742,truddiforthkl@tripadvisor.com,"oF5\,z""SrKS*ZQ",lpresnailkl
743,zbuckinghamkm@4shared.com,"aI7""#u~aMA",mjedraszczykkm
744,goguskn@independent.co.uk,"kX3""@pvI!""w",ndartankn
745,hpocknellko@adobe.com,sP3=F0QT6'|Hz6x,nscamalko
746,ahugkp@state.gov,qJ9<vvE2KJ4zrQ.,edennidgekp
747,sstannionkq@clickbank.net,pW6?Fa@M'k0')Z`N,pguidottikq
748,adrieukr@guardian.co.uk,pG1(3!qF`Fb,twellingskr
749,mhellikerks@hud.gov,aP0(ZHwh.S2D3EYx,dmillinks
750,gsayerskt@phoca.cz,"tZ4,sxGNyP.",hmalonekt
751,nchestermanku@bravesites.com,wZ1|i$+yPwe`FOR6,grizzardoku
752,dwoolleykv@howstuffworks.com,"gS9`Bd,3Z#{",hfurmstonkv
753,anowillkw@tinyurl.com,"uF2,*x6?QGDeZ>",hthairskw
754,ggonsalvokx@feedburner.com,dN8%O~(?Hs=ZW#P,cglenniekx
755,mculchethky@epa.gov,"lQ9,bw))m$FGQ",hdibbleky
756,gburgwynkz@usgs.gov,eE4*($#0Sp,knijssenkz
757,ptomblinl0@opensource.org,aA8~riywhcn>+>$,gmchirriel0
758,bbyshl1@wikispaces.com,qG2_j/+@Z,sneathl1
759,eruslinl2@vkontakte.ru,"eC0(""~}09aZnhy",cwhitfordl2
760,rdudlestonel3@shop-pro.jp,bM8\+s<nmbL{L/@,jbroadeyl3
761,jblackbournl4@delicious.com,jY9~}YPtFfZl,rbeavesl4
762,jfenichl5@cbc.ca,zI8?Uth'ax(BzG,kdaveranl5
763,ghappertl6@zimbio.com,nA3_Ob7DP#4GUt{,ebrotherhedl6
764,wgeorgievskil7@google.de,oS6.xop7VZco,bmargaritellil7
765,cdallimarel8@sina.com.cn,wT5`k#pK#c,amadgel8
766,mseymourl9@ed.gov,kS6{3ZlZ5~,jducroel9
767,hraulstonla@webs.com,zZ5&qZa6QF|,wtiernanla
768,dripperlb@liveinternet.ru,oT0_PRi%R>R,rberryclothlb
769,fwhaleylc@ucla.edu,"eR9`7\,jd}TT",gileylc
770,rallisonld@tripadvisor.com,aX5<q!3F2IJ,dbovairdld
771,kmaddrale@hud.gov,uV6$~OOfllu#f7',abeabyle
772,spatsalllf@noaa.gov,jD1%<s/*mho>Kps,rdowlf
773,lyellowleelg@t-online.de,lG9)k#K/SW@,stoyerlg
774,lsavealllh@samsung.com,vH9?iopu?%QWc6IK,eculchethlh
775,kwindeattli@bing.com,hW8|DX<el0lf!N,sretchlessli
776,mdavydochlj@51.la,oQ6~0Q=.8f+I.,ghabronlj
777,hmeddlk@dailymail.co.uk,lL2#K{XVZ~af,smoretlk
778,srosebladell@twitter.com,"nG1,f3U8bYBH",dleederll
779,rswaitlm@phoca.cz,tU4{*KaPH,rstonbridgelm
780,cwitherln@miibeian.gov.cn,wQ2}'LeuIPOS1ME,cbernuzziln
781,nantonichlo@alexa.com,cQ0@'&qDKSt8R,kfleetlo
782,cboothelp@mashable.com,uM8$Nix).m%+bc7/,smumbesonlp
783,rsylvesterlq@wp.com,iQ7'kV5*Ua,gwillmettlq
784,jmanterfieldlr@livejournal.com,nB1#YUx!,cburwoodlr
785,bcaldronls@gmpg.org,nA2_Ua~UfO,ftrekerls
786,bdochartylt@hibu.com,pD5|BLEPr,dromanettilt
787,pnorthidgelu@accuweather.com,yH5_y2*`u),dkamalllu
788,cheinonenlv@infoseek.co.jp,"hA0""Ta7r5!",grushmerelv
789,hsidsafflw@upenn.edu,pI2/B3s@=7Sw1=,idartelw
790,hhamillx@hud.gov,wV6%'/gQ8K.,akerrylx
791,cfeely@hp.com,jC6'ci8|04O,ssaywoodly
792,acorneliussenlz@google.com.br,fM0/}V+QZuL,bhawkinslz
793,wbennettm0@pinterest.com,rS1/}uO<M,scaddanm0
794,nbaglowm1@sciencedirect.com,qC8_08DD$O(=,gorromm1
795,kpattinim2@nhs.uk,nU7}&V?#,pneesamm2
796,fchancelierm3@bandcamp.com,pE7$TAHI,aandrionim3
797,jlillywhitem4@tripadvisor.com,bE2)F{l}tAhVe\,bpalesm4
798,gschreim5@usatoday.com,pN5.rl~/kuafEi&,asuddellm5
799,gpantherm6@ed.gov,kR0.pRbY?S#=,splumleym6
800,jlorenm7@people.com.cn,dM2#or'Pt,krasorm7
801,tepinaym8@yahoo.co.jp,aQ9%_N+m,mofihilliem8
802,ecammm9@fastcompany.com,sB9)EEK1Yv@Ie,kmullenderm9
803,bgotobedma@jiathis.com,oG6/yW'_S)6vi,gbagguleyma
804,tyeatesmb@nationalgeographic.com,jB2#28Jv,chigounetmb
805,fericksonmc@home.pl,nS6'ux*{CCQ((,vguthersonmc
806,hmcdonnellmd@census.gov,fY4?pGpTKmbKX,cgasgarthmd
807,sbodessonme@themeforest.net,"kS7~58q{_B""<GIY=",ecauleyme
808,hbillboroughmf@geocities.jp,iW4`64&CwC(tmX,mskalamf
809,lkarpmannmg@theatlantic.com,zE2.q.T0=gU,scaylemg
810,lditermh@gravatar.com,mR9+k8~\*6,sffordemh
811,vsnowballmi@amazon.de,kH5(vZ'V0#o,xtrusslermi
812,cpullanmj@usa.gov,kJ7%YS7&ML7*Nn6,candrettimj
813,bledgermk@blogspot.com,gU8<L`/fq,csturmmk
814,ktucknottml@usatoday.com,wS1&Ks(Y,dstollerml
815,pormshawmm@google.com.hk,"vC2./""65VYr",mpretoriusmm
816,barbermn@state.tx.us,"gP8'8k#G4EE{%e,0",arulermn
817,gmccarlmo@loc.gov,nO2(<t}+5414fxD,msalkildmo
818,gstrethillmp@blogger.com,mO9.+_5jy,gsteckingsmp
819,wwhimpmq@unesco.org,cY5?#YoTC,fmottersheadmq
820,eakastmr@msn.com,qF9.?MQvNV<,ewestphalmr
821,bavramovms@sohu.com,"hK8_|>K,*%",mfoskenms
822,cdefilippimt@exblog.jp,"pM3+5&,5.shuj"">",mwarnmt
823,nmoylanmu@dot.gov,bZ2%USXz{3Y,edomonkosmu
824,cdeakanmv@vimeo.com,"yG6~\nSVP""He*",bwilprechtmv
825,mslanymw@ovh.net,yM7}+WvLW*,kmajormw
826,mplastowmx@amazonaws.com,aN6%hWqN5},ctitheridgemx
827,schapplemy@loc.gov,"rG0""Bz<i~|JQD",vshipwaymy
828,epahlermz@tinypic.com,sV6`|yl$v,cpreshousmz
829,kantushevn0@newyorker.com,"hD8""TrUIc&UW=B9",swhittenburyn0
830,tchessunn1@who.int,pV7~7J<B<g?.5Tj,fattreedn1
831,kmacgiollapheadairn2@people.com.cn,wU4`r9?4Y7I+9U9b,tgerrietzn2
832,ggyfordn3@youtube.com,"bM5,i\+<X`",eyoelln3
833,lreichartzn4@miibeian.gov.cn,"zG8'1F,K",trosiellon4
834,drelfen5@jigsy.com,iY7`OXs'#*qtRrb,dgiraudotn5
835,bgiovanazzin6@paginegialle.it,pU1}MSx=AWw2,atregidgan6
836,ctregienn7@nyu.edu,zT5`GVN}d,fshouldern7
837,cjegern8@bing.com,"xN7>a3gkh,'%hvz",cpobjayn8
838,pcalkenn9@amazon.de,uS4$yag5s3`6d'c,cswanboroughn9
839,agunstonna@rakuten.co.jp,"gC7(HS=.tX2""ILd%",mrowantreena
840,jalwennb@latimes.com,uW0<23'x,tyanyushkinnb
841,mmcmurraync@webs.com,lG5!oD(`D!6#r,lsanctonc
842,ghassettnd@yahoo.com,pM4|EZdM/>G,mhamleynd
843,jcoopperne@artisteer.com,eT8'nJ+/n'uA9g,ahubballne
844,blacostenf@uol.com.br,"lH7/.U,$I",wbleymannf
845,aseegerng@digg.com,dD8_<dH!pb!l,aaishng
846,jderbynh@deliciousdays.com,qY2+S#{X6,kjuaranh
847,candrionini@imgur.com,"cL1,nS*R",jdibbertni
848,abrattannj@marketwatch.com,gD4&PZb.2DS123,acockroftnj
849,hblissnk@scientificamerican.com,mJ8)QeG{,omapplesnk
850,mvasicnl@livejournal.com,pF3{3v$&<~T,opendergastnl
851,ngiacovazzonm@angelfire.com,iI6*X(AA,gtourrynm
852,sdulanynn@google.co.uk,eI3+DzfXLBj,ncondictnn
853,btrustramno@squidoo.com,sK6+!h&u,mcuerno
854,fodohertynp@craigslist.org,lL3\wD9@,dkitchingmannp
855,goniansnq@yahoo.co.jp,hC3&_8lBi&BbU`A*,mgladtbachnq
856,pinkernr@baidu.com,"kT2,e+x}S=i",bbalenr
857,acastledinens@umn.edu,gW3'{jNsD,lscurlockns
858,dbredent@friendfeed.com,sV0\M+*7%,cblacknt
859,hheindrichnu@state.gov,kV5>{\0&F,nambrosinu
860,aconnachannv@yandex.ru,kL5&qSk'T,psketchleynv
861,esorrelnw@liveinternet.ru,jO5%eXeIFL5%h/o,adilnotnw
862,vthingnx@ocn.ne.jp,bU3(C(/MRx>KY\,kcasleynx
863,mballstonny@pcworld.com,lK4<raTQ{lF_,dbyrnesny
864,nwyllienz@europa.eu,oA4{WKZk,cjervoisnz
865,ajosefo0@vistaprint.com,"oO8.GX}'%'#,V%",hcalfo0
866,ltuddenhamo1@aol.com,kR4%gA!8,epetraceko1
867,laggaso2@independent.co.uk,zI8+ySVHz4!H@J|,lclutheramo2
868,gtolleto3@washingtonpost.com,jK8)&NT/#,vsimnetto3
869,hgodlyo4@china.com.cn,"eO7<1tt,",eluscombeo4
870,rmausero5@ifeng.com,hS5|ju${s'\DDl,vstearo5
871,rclellando6@engadget.com,"cS8~LcSl1""4?1kjB",wgoschalko6
872,areado7@comcast.net,"eE5""DPgJ90t9FV/F",vskalao7
873,slabrumo8@unblog.fr,"oG3`""r!g>PvN5",bbushawayo8
874,rocrevyo9@globo.com,sM8/sC_y|QU{{xW5,sfellonao9
875,vgiddyoa@uol.com.br,xQ5.T+19,baubinoa
876,hbourdiceob@nhs.uk,sJ1==DU&2,mormesob
877,bleonardeoc@jalbum.net,"hQ9""NBaM",chouchinoc
878,mcrennanod@xinhuanet.com,jP2@!*3L4,eishakod
879,troftoe@tiny.cc,sY2}QeX/<,ccastlesoe
880,eholworthof@blog.com,pI0*f7V._E(k,rmaylingof
881,wbotfieldog@fastcompany.com,gF8\6yuY~H|<eQ0I,agrindlayog
882,mpardieoh@cargocollective.com,fH3&.NMjrs+,kcreanyoh
883,ytryeoi@noaa.gov,vT0)3OTvg,bshippardoi
884,kkeeneroj@utexas.edu,eZ4~SF_MFc8N&,fmarooj
885,feastonok@blogger.com,yD7/~Ne_Z{v\,btrevainok
886,smontierol@fastcompany.com,sB5@xVaN,pangroveol
887,llycettom@dmoz.org,eG8!gb8WdF#$4F,stinklerom
888,tisackeon@slate.com,"lE8~""(N4V",nmichurinon
889,lpeirceoo@mayoclinic.com,"fF2(=4/uU,Ua",lcatlowoo
890,gkernanop@hugedomains.com,sK6}WU.Me*\a)`),hkubeckaop
891,msimperoq@liveinternet.ru,vL0`nh(uV,ngerretsenoq
892,wshildrickor@cnn.com,"gF9}k5DCU/""lju",scorneror
893,ajaquestos@sphinn.com,yD4}'lxG,egiorgettios
894,rchassonot@marriott.com,eV7>AVy',gjarrardot
895,ddiclaudioou@mayoclinic.com,wI5{oLuJV,eshorttou
896,eheckov@harvard.edu,vO7*OZWr8U0zwu2,smenicoov
897,eportwaineow@google.nl,sS7}Y${M,fbeacockow
898,dbogeysox@alexa.com,"iH9{hBAbDS""",pclackersox
899,rdurtneloy@blogger.com,hD6#Umtu,jmeddemmenoy
900,iseivertsenoz@hubpages.com,kV5%9`y3.aTK(D?K,blasteoz
901,dforbesp0@businesswire.com,tX8.rb>?h,mcrevyp0
902,phenrionp1@eventbrite.com,tO4*5T.Ki.@BK,adimitriadesp1
903,jdebischopp2@state.gov,nT1{C?8+|`@K,gzanazzip2
904,dsinkinsonp3@eventbrite.com,"fQ3'Wa<=,",csimonettop3
905,mklulikp4@google.es,"kM3{HnDRO#>,r",gtrevallionp4
906,kdanzigp5@printfriendly.com,"yL3""gF0?+W+",tgreenroydp5
907,gshoosmithp6@amazon.co.jp,zM5&?d70?L\!c$B\,jadesp6
908,kandreuttip7@pen.io,iF4`\c6*p967,ldescroixp7
909,swasselinp8@who.int,iM6)AJbDlqx+\H\,ggreenshielsp8
910,fogbornp9@technorati.com,pF0_bv4vsDY'i,btirrellp9
911,cbenitopa@dailymotion.com,rC5(Lkl*s(/r,bspaldinpa
912,ffootittpb@unesco.org,zM1#<VQQ{E'\3&&,nlowcockpb
913,kchristauffourpc@arizona.edu,"kN2_){PRUn,nU7",pwilliscroftpc
914,tcawseypd@wordpress.org,mE8<NcAa#VI<afn,dbeazleighpd
915,bdanilovichpe@google.fr,sX7_v?T.&?x,mkerwenpe
916,gstitpf@ucla.edu,iR1'<YtuO5F,mdorbonpf
917,ahaddypg@sfgate.com,oY6/i\*'Wzr#,vkleinplacpg
918,tjamesonph@gizmodo.com,hX5})*~**D7,hemlochph
919,ahenningtonpi@gizmodo.com,wW8!uY'a?FV,mericssonpi
920,tdrohanepj@w3.org,mL3<A1K4UeWf?95,jmorleypj
921,dalibertipk@twitter.com,"fB2}""}YBvoL\~Q~",rstennespk
922,lelnorpl@bing.com,pT8!VOj72\(~9ur',ashevillpl
923,ccrombpm@bizjournals.com,oQ3#ICjwL2lArxv%,bchanningpm
924,ccostellpn@google.cn,dH9`UJH%,aculterpn
925,kwindybankpo@youtu.be,jQ4\MHOqS=UvO6L,tplypo
926,htumasianpp@seesaa.net,"yF2_x.?2t0LXP,C8",godampp
927,rsurguinepq@google.com.br,wN7+Tq.Z+IJEH,twathellpq
928,xlorenzpr@theatlantic.com,"pW0{E\'J(""|%Fc=",tlowerpr
929,mbrennenps@army.mil,"mB5""gSvG",bcantops
930,acommuccipt@soup.io,"fZ1<5""iI(f'i",deaglandpt
931,rgrogpu@wix.com,uS2!VE#!,igiraudoupu
932,asummertonpv@paginegialle.it,"eO6@G""VV1Y_@J",hbirniepv
933,mdoblepw@whitehouse.gov,gX7$h<Fhr/8,mallsopw
934,coldershawpx@google.com.hk,dI5.KlO=J`w),npittempx
935,lmccambroispy@merriam-webster.com,bC6{'lsKN+sf)n8F,sraymenpy
936,thertwellpz@free.fr,"sF5""g""W'i)'Og+'=",jbarochpz
937,aamortsq0@simplemachines.org,"dA6`MuP{}``,sM",gtompkissq0
938,fpurkessq1@princeton.edu,vC1)`O@Ui,ksaytonq1
939,alanglandsq2@accuweather.com,bY6@zH1V,nmatussevichq2
940,chodgetsq3@fda.gov,sX0&VR=+z,ablayq3
941,mpoddq4@hatena.ne.jp,cS3)9T`b6J\FNKn,dburgiseq4
942,edunsfordq5@microsoft.com,sI6}P90+D%1)+M}2,jrodenburghq5
943,adowseyq6@msn.com,kO3!`8qVpWe,sspeedyq6
944,dbridgewoodq7@ca.gov,"bS2""oEdqH",rchristyq7
945,pstannasq8@networkadvertising.org,"hC0\cL>U'B{~5b,C",ftayspellq8
946,ydewdneyq9@trellian.com,aA9~xDEWn\,ksousaq9
947,rfavillqa@seesaa.net,bW0_K#J(H(g,jissonqa
948,bbailesqb@wp.com,mQ2=j3AP<xl1j|,mmagillqb
949,vnordassqc@123-reg.co.uk,jL4~%EuXHH@2Z5h,drixonqc
950,coffellqd@alexa.com,"jJ6~Q`Vi3|@""\S",modamsqd
951,hbridgwaterqe@squidoo.com,"lG7#""ph%p""@.",ocunniffqe
952,pmustoqf@tamu.edu,"zU1""0FRG",bkingmanqf
953,afruserqg@timesonline.co.uk,cD8_pi0&K/el.,gvogelqg
954,lorcasqh@intel.com,"kX1%|,#Q(0O+4",tgilsthorpeqh
955,bkiehnltqi@cyberchimps.com,fP9*8qtpO#@K|,fjerokqi
956,tsyversenqj@amazon.com,sG3*9ih4nZ+N,lbenbowqj
957,gbagnoldqk@cmu.edu,aT1/SL~veC,rslingerqk
958,bbroomerql@dedecms.com,iT2}bBA)0hb|,cgoulleeql
959,laxelbyqm@skyrock.com,yP3<AnVK$%CdS52,pkunatqm
960,tturbernqn@miibeian.gov.cn,"dB8#$qwgEv&I>e""b",bpeeblesqn
961,gcaulliereqo@wikia.com,xF3{S=>NrByoi,ebirksqo
962,ddecruzqp@acquirethisname.com,zI7$dsdn$Y3~i,rcoffeeqp
963,gaynscombeqq@yolasite.com,uI1.&G5v%\f,gribouqq
964,tsoansqr@blinklist.com,cW2!z}{3/,dmertonqr
965,soramqs@mashable.com,uX1{fK=82R?{G,lbowlerqs
966,tpolgreenqt@cloudflare.com,fN0$1W<aZlCfZ,rvasnetsovqt
967,agulkqu@dagondesign.com,"xT3$G$8,rVj""8EMm",ccathroqu
968,dmccrieqv@slideshare.net,nH2_r9~M`,forganerqv
969,rrochqw@fc2.com,xO1(pbmEww|i,sbunclarkqw
970,fbeagleyqx@fastcompany.com,fQ0`_JRoe`<zQ,smetsonqx
971,eedscerqy@networkadvertising.org,fB6$b}zoy,aanfreyqy
972,mcreavenqz@reuters.com,pJ1?{LEh~nH&sg,celgeyqz
973,fsurgeyr0@ihg.com,bY0}~`mM0.*kT@N,vfinlryr0
974,hyabsleyr1@miitbeian.gov.cn,"nG8""ecyxfEX9sW",kgibbensr1
975,nswinnertonr2@guardian.co.uk,eI8=}`&k|\.$f,jpicardor2
976,mdotr3@i2i.jp,iT7`D0'Vj{UW,rworthingr3
977,lleitcher4@shinystat.com,cN6&+kB#S,fbreslandr4
978,ksuerzr5@printfriendly.com,tF9)c/`AtHWHi!,nwandrachr5
979,sfancourtr6@ameblo.jp,kD1_mg?p=F,mpottellr6
980,nverseyr7@bbb.org,"xH1@B)"".6QR{y",nbuyer7
981,tburridger8@acquirethisname.com,hY0_\Qmfj=nJQ,fdaytonr8
982,wheishamr9@newsvine.com,"fV3{8I,o_2qA~M",vburtr9
983,ralkinsra@cloudflare.com,wI1{Yvon,vmactrustriera
984,hdalgardnorb@gizmodo.com,dP6}(fmv{v,kusmarrb
985,jellershawrc@dailymotion.com,"kA7)M&""wjrP%FG#",igerwoodrc
986,npetelrd@yellowpages.com,kH4\m3Uw6V,afardyrd
987,mwoodvinere@multiply.com,dH9>huh'}o\R6,dleaknerre
988,bgosforthrf@rediff.com,mU7.4?L/Q2mRwV4,tsimnettrf
989,ccurtisrg@dot.gov,"uA2}?vg+jd""",cspellsworthrg
990,escothornrh@foxnews.com,"nT5#TC%YftE""'",bkharchinskirh
991,vmisselbrookri@wsj.com,uR7%\.VC{<gD,rterziri
992,mleaterj@google.ru,lD3\z!7UsXR*,djentzschrj
993,icorkillrk@pagesperso-orange.fr,kX8(C'9$,ccheesworthrk
994,skrishtopaittisrl@photobucket.com,mZ2*P}\g}m#Jc|,bjacobberl
995,cbottingrm@geocities.jp,fY7}AIh(@SW0a6L',tprucknerrm
996,babrahamsrn@bloglines.com,"tF9""D%.3""83CmaY",swhitmellrn
997,rlawrancero@prweb.com,"cS7'""+i`{'6p",jbuzekro
998,slunneyrp@berkeley.edu,pN5!nBi*?QF5_#/,kcuckoorp
999,ckinlockrq@whitehouse.gov,zS8@m0@T,beklessrq
1000,rlackierr@webmd.com,hV4=O)mf{r,tquinceerr
